Hilos,Promedio Tiempo Real (s),Error Real (s),Promedio Tiempo Usuario (s),Error Usuario (s),Promedio Tiempo Sistema (s),Error Sistema (s)
1,5.87786,.20181,5.25546,.16831,.61740,.04171
2,5.81040,.21279,5.19406,.17916,.61286,.04195
3,5.80006,.21628,5.18053,.18425,.61666,.04171
4,5.78726,.22122,5.18280,.18333,.60226,.04438
5,5.80046,.21614,5.18620,.18201,.61166,.04207
6,5.84820,.20398,5.23713,.16932,.60913,.04254
7,5.81613,.21104,5.20406,.17601,.60446,.04370
8,5.79506,.21812,5.18500,.18248,.60680,.04301
